-- phpMyAdmin SQL Dump
-- version 5.2.1
-- https://www.phpmyadmin.net/
--
-- Host: localhost:3306
-- Generation Time: Aug 07, 2024 at 07:45 AM
-- Server version: 8.0.30
-- PHP Version: 8.1.10

SET SQL_MODE = "NO_AUTO_VALUE_ON_ZERO";
START TRANSACTION;
SET time_zone = "+00:00";


/*!40101 SET @OLD_CHARACTER_SET_CLIENT=@@CHARACTER_SET_CLIENT */;
/*!40101 SET @OLD_CHARACTER_SET_RESULTS=@@CHARACTER_SET_RESULTS */;
/*!40101 SET @OLD_COLLATION_CONNECTION=@@COLLATION_CONNECTION */;
/*!40101 SET NAMES utf8mb4 */;

--
-- Database: `stok_ci4`
--

-- --------------------------------------------------------

--
-- Table structure for table `ajukanbrg`
--

CREATE TABLE `ajukanbrg` (
  `id_ajukan` int NOT NULL,
  `id` int NOT NULL,
  `qty` int NOT NULL,
  `alasan` varchar(255) CHARACTER SET utf8mb3 COLLATE utf8mb3_general_ci NOT NULL,
  `tgl_ajukan` date NOT NULL,
  `status` int DEFAULT NULL,
  `satuid` int NOT NULL,
  `id_bagian` int NOT NULL
) ENGINE=InnoDB DEFAULT CHARSET=utf8mb3;

--
-- Dumping data for table `ajukanbrg`
--

INSERT INTO `ajukanbrg` (`id_ajukan`, `id`, `qty`, `alasan`, `tgl_ajukan`, `status`, `satuid`, `id_bagian`) VALUES
(1, 25, 100, 'butuh bhp hari ini', '2024-06-30', 0, 12, 4),
(2, 26, 0, '', '2024-06-30', 0, 3246, 2),
(3, 27, 0, 'test', '2024-06-30', 0, 3246, 3),
(4, 28, 0, '', '2024-06-30', 0, 12, 4),
(5, 29, 0, 'test', '2024-06-30', 0, 12, 5),
(6, 30, 0, 'test', '2024-06-30', 0, 12, 6),
(7, 32, 0, 'test', '2024-06-30', 0, 12, 7),
(8, 34, 0, 'test', '2024-06-30', 0, 12, 8),
(9, 35, 0, 'test', '2024-06-30', 0, 12, 9),
(10, 36, 0, 'test', '2024-06-30', 0, 12, 10),
(11, 37, 0, 'test', '2024-06-30', 0, 12, 11),
(12, 38, 0, 'test', '2024-06-30', 0, 12, 12),
(13, 39, 0, 'test', '2024-06-30', 0, 12, 13),
(14, 40, 0, 'test', '2024-06-30', 0, 12, 14),
(17, 41, 0, 'test', '2024-06-30', 0, 3247, 15),
(18, 42, 0, 'test', '2024-06-30', 0, 12, 16),
(19, 43, 0, 'test', '2024-06-30', 0, 3248, 16),
(20, 44, 0, 'test', '2024-06-30', 0, 3248, 16),
(21, 45, 0, 'test', '2024-06-30', 0, 12, 12),
(22, 46, 0, 'test', '2024-06-30', 0, 12, 2),
(23, 47, 0, 'test', '2024-06-30', 0, 12, 3),
(24, 48, 0, 'test', '2024-06-30', 0, 12, 6),
(25, 49, 0, 'test', '2024-06-30', 0, 3246, 3),
(26, 50, 0, 'test', '2024-06-30', 0, 3246, 2),
(28, 52, 0, 'test', '2024-06-30', 0, 12, 2),
(29, 53, 0, 'test', '2024-06-30', 0, 12, 5),
(30, 54, 0, 'test', '2024-06-30', 0, 3249, 8),
(31, 55, 0, 'test', '2024-06-30', 0, 3249, 4),
(32, 56, 0, 'test', '2024-06-30', 0, 3249, 6),
(33, 57, 0, 'test', '2024-06-30', 0, 12, 2),
(34, 58, 0, 'test', '2024-06-30', 0, 12, 4),
(35, 59, 0, 'test', '2024-06-30', 0, 12, 5),
(36, 60, 0, 'test', '2024-06-30', 0, 12, 4),
(37, 61, 0, 'test', '2024-06-30', 0, 12, 13),
(38, 62, 0, 'test', '2024-06-30', 0, 12, 6),
(39, 63, 0, 'test', '2024-06-30', 0, 12, 4),
(40, 64, 0, 'test', '2024-06-30', 0, 3249, 10),
(41, 65, 0, 'test', '2024-06-30', 0, 12, 12),
(42, 66, 0, 'test', '2024-06-30', 0, 12, 4),
(43, 67, 0, 'test', '2024-06-30', 0, 3249, 10),
(44, 68, 0, 'test', '2024-06-30', 0, 3249, 11),
(45, 69, 0, 'test', '2024-06-30', 0, 3249, 13),
(46, 70, 0, 'test', '2024-06-30', 0, 3249, 10),
(47, 71, 0, 'test', '2024-06-30', 0, 12, 13),
(48, 71, 0, 'test', '2024-06-30', 0, 12, 14),
(50, 74, 0, 'test', '2024-06-30', 0, 3246, 8),
(51, 75, 0, 'test', '2024-06-30', 0, 3250, 13),
(52, 76, 0, 'test', '2024-06-30', 0, 3250, 14),
(53, 77, 0, 'test', '2024-06-30', 0, 3246, 13),
(54, 78, 0, 'test', '2024-06-30', 0, 3246, 10),
(55, 79, 0, 'test', '2024-06-30', 0, 3246, 3),
(56, 80, 0, 'test', '2024-06-30', 0, 12, 10),
(57, 82, 0, 'test', '2024-06-30', 0, 12, 3),
(58, 83, 0, 'test', '2024-06-30', 0, 12, 2),
(60, 85, 0, 'test', '2024-06-30', 0, 12, 10),
(61, 86, 0, 'test', '2024-06-30', 0, 12, 3),
(62, 87, 0, 'test', '2024-06-30', 0, 12, 14),
(63, 88, 0, 'test', '2024-06-30', 0, 12, 13),
(64, 89, 0, 'test', '2024-06-30', 0, 12, 8),
(65, 90, 0, 'test', '2024-06-30', 0, 12, 13),
(66, 91, 0, 'test', '2024-06-30', 0, 12, 8),
(67, 92, 0, 'test', '2024-06-30', 0, 12, 13),
(68, 93, 0, 'test', '2024-06-30', 0, 12, 6),
(69, 94, 0, 'test', '2024-06-30', 0, 3251, 13),
(70, 95, 0, 'test', '2024-06-30', 0, 3247, 14),
(71, 96, 0, 'tst', '2024-06-30', 0, 12, 13),
(72, 97, 0, 'test', '2024-06-30', 0, 12, 4),
(73, 98, 0, 'test', '2024-06-30', 0, 12, 3),
(74, 99, 0, 'test', '2024-06-30', 0, 12, 6),
(75, 100, 0, 'test', '2024-06-30', 0, 12, 13),
(76, 101, 0, 'test', '2024-06-30', 0, 12, 10),
(77, 102, 0, 'test', '2024-06-30', 0, 12, 13),
(78, 103, 0, 'test', '2024-06-30', 0, 12, 4),
(79, 104, 0, 'test', '2024-06-30', 0, 12, 13),
(80, 105, 0, 'test', '2024-06-30', 0, 12, 8),
(81, 106, 0, 'test', '2024-06-30', 0, 3243, 13),
(82, 107, 0, 'test', '2024-06-30', 0, 12, 8),
(83, 108, 0, 'test', '2024-06-30', 0, 3251, 13),
(84, 109, 0, 'test', '2024-06-30', 0, 3248, 6),
(85, 110, 0, 'test', '2024-06-30', 0, 3252, 13),
(86, 111, 0, 'test', '2024-06-30', 0, 12, 10),
(87, 112, 0, 'test', '2024-06-30', 0, 3253, 13),
(88, 114, 0, 'test', '2024-06-30', 0, 3253, 14),
(89, 115, 0, 'test', '2024-06-30', 0, 3253, 13),
(90, 116, 0, 'test', '2024-06-30', 0, 12, 6),
(91, 117, 0, 'test', '2024-06-30', 0, 3253, 3),
(92, 118, 0, 'test', '2024-06-30', 0, 3253, 14),
(93, 119, 0, 'test', '2024-06-30', 0, 3253, 13),
(94, 120, 0, 'test', '2024-06-30', 0, 3253, 16),
(95, 121, 0, 'tst', '2024-06-30', 0, 3254, 5),
(96, 122, 0, 'test', '2024-06-30', 0, 3251, 2),
(97, 123, 0, 'test', '2024-06-30', 0, 3251, 13),
(98, 124, 0, 'test', '2024-06-30', 0, 3253, 10),
(99, 125, 0, 'test', '2024-06-30', 0, 3251, 10),
(100, 127, 0, 'test', '2024-06-30', 0, 3251, 4),
(101, 128, 0, 'test', '2024-06-30', 1, 3249, 1),
(102, 129, 0, 'test', '2024-06-30', 0, 3251, 2),
(103, 130, 0, 'test', '2024-06-30', 0, 3253, 13),
(104, 131, 0, 'test', '2024-06-30', 0, 3246, 8),
(105, 132, 0, 'test', '2024-06-30', 0, 12, 3),
(106, 133, 0, 'test', '2024-06-30', 0, 12, 4),
(107, 134, 0, 'test', '2024-06-30', 0, 12, 13),
(108, 136, 0, 'test', '2024-06-30', 0, 3251, 8),
(109, 137, 0, 'test', '2024-06-30', 0, 12, 3),
(110, 138, 0, 'test', '2024-06-30', 0, 12, 4),
(111, 139, 0, 'test', '2024-06-30', 0, 12, 3),
(112, 140, 0, 'test', '2024-06-30', 0, 3251, 16),
(113, 141, 0, 'test', '2024-06-30', 0, 12, 12),
(114, 142, 0, 'test', '2024-06-30', 0, 12, 16),
(115, 143, 0, 'test', '2024-06-30', 0, 3248, 3),
(116, 144, 0, 'test', '2024-06-30', 0, 3246, 16),
(117, 145, 0, 'test', '2024-06-30', 0, 3246, 3),
(118, 146, 0, 'test', '2024-06-30', 0, 3246, 16),
(119, 147, 0, 'test', '2024-06-30', 0, 3248, 13),
(120, 148, 0, 'test', '2024-06-30', 0, 3248, 10),
(121, 149, 0, 'test', '2024-06-30', 0, 3248, 13),
(122, 150, 0, 'test', '2024-06-30', 0, 3249, 2),
(123, 151, 0, 'test', '2024-06-30', 0, 12, 13),
(124, 152, 0, 'test', '2024-06-30', 0, 12, 16),
(125, 153, 1000, 'test', '2024-06-30', 0, 12, 1),
(126, 154, 0, 'test', '2024-06-30', 0, 12, 2),
(127, 155, 0, 'test', '2024-06-30', 0, 12, 1),
(128, 156, 0, 'test', '2024-06-30', 0, 12, 8),
(129, 157, 0, 'test', '2024-06-30', 0, 12, 13),
(130, 158, 0, 'test', '2024-06-30', 0, 3248, 16),
(131, 159, 0, 'test', '2024-06-30', 0, 3248, 3),
(132, 160, 0, 'test', '2024-06-30', 0, 3248, 4),
(133, 161, 0, 'test', '2024-06-30', 0, 12, 13),
(134, 162, 0, 'test', '2024-06-30', 0, 12, 16),
(135, 163, 0, 'test', '2024-06-30', 0, 12, 3),
(136, 164, 0, 'test', '2024-06-30', 0, 12, 16),
(137, 165, 0, 'test', '2024-06-30', 0, 12, 1),
(138, 166, 0, 'test', '2024-06-30', 0, 12, 6),
(139, 167, 0, 'test', '2024-06-30', 0, 12, 1),
(140, 168, 0, 'test', '2024-06-30', 0, 12, 10),
(141, 169, 0, 'test', '2024-06-30', 0, 12, 13),
(143, 170, 0, 'test', '2024-06-30', 0, 12, 13),
(144, 171, 0, 'test', '2024-06-30', 0, 12, 3),
(145, 172, 0, 'test', '2024-06-30', 0, 12, 4),
(146, 173, 0, 'test', '2024-06-30', 0, 12, 13),
(147, 174, 0, 'test', '2024-06-30', 0, 12, 8),
(148, 175, 0, 'test', '2024-06-30', 0, 3248, 5),
(149, 176, 0, 'test', '2024-06-30', 0, 12, 2),
(150, 177, 0, 'test', '2024-06-30', 0, 12, 3),
(151, 178, 0, 'test', '2024-06-30', 0, 12, 16),
(152, 179, 0, 'test', '2024-06-30', 0, 12, 1),
(153, 180, 0, 'test', '2024-06-30', 0, 12, 2),
(154, 181, 0, 'test', '2024-06-30', 0, 12, 13),
(155, 182, 0, 'test', '2024-06-30', 0, 12, 16),
(156, 183, 0, 'test', '2024-06-30', 0, 12, 13),
(157, 188, 0, 'test', '2024-06-30', 0, 12, 4),
(158, 189, 0, 'test', '2024-06-30', 0, 12, 5),
(159, 190, 0, 'test', '2024-06-30', 0, 12, 6),
(160, 191, 0, 'test', '2024-06-30', 0, 3250, 1),
(161, 192, 0, 'test', '2024-06-30', 0, 3250, 6),
(162, 193, 0, 'test', '2024-06-30', 0, 3250, 1),
(163, 195, 0, 'test', '2024-06-30', 0, 12, 6),
(164, 198, 0, 'test', '2024-06-30', 0, 3250, 1),
(165, 200, 0, 'test', '2024-06-30', 0, 3247, 10),
(166, 201, 0, 'test', '2024-06-30', 0, 3246, 13),
(167, 207, 0, 'test', '2024-06-30', 0, 3249, 8),
(168, 214, 0, 'test', '2024-06-30', 0, 3248, 13),
(169, 217, 0, 'test', '2024-06-30', 0, 12, 8),
(170, 218, 0, 'test', '2024-06-30', 0, 12, 13),
(171, 219, 0, 'test', '2024-06-30', 0, 12, 2),
(172, 220, 0, 'test', '2024-06-30', 0, 12, 1),
(173, 221, 0, 'test', '2024-06-30', 0, 12, 4),
(174, 222, 0, 'test', '2024-06-30', 0, 12, 3),
(175, 223, 0, 'test', '2024-06-30', 0, 3251, 8),
(176, 224, 0, 'test', '2024-06-30', 0, 3255, 1),
(177, 225, 0, 'test', '2024-06-30', 0, 12, 10),
(178, 226, 0, 'test', '2024-06-30', 0, 3246, 1),
(179, 227, 0, 'test', '2024-06-30', 0, 12, 2),
(180, 228, 0, 'test', '2024-06-30', 0, 12, 1),
(181, 229, 0, 'test', '2024-06-30', 0, 12, 7),
(182, 230, 0, 'test', '2024-06-30', 0, 12, 1),
(183, 231, 0, 'test', '2024-06-30', 0, 12, 8),
(184, 233, 0, 'test', '2024-06-30', 0, 12, 1),
(185, 234, 0, 'test', '2024-06-30', 0, 3249, 16),
(186, 235, 0, 'test', '2024-06-30', 0, 12, 1),
(187, 237, 0, 'test', '2024-06-30', 0, 12, 16),
(188, 238, 0, 'test', '2024-06-30', 0, 12, 1),
(189, 239, 0, 'test', '2024-06-30', 0, 3253, 6),
(190, 241, 0, 'test', '2024-06-30', 0, 3251, 5),
(191, 243, 0, 'test', '2024-06-30', 0, 3255, 10),
(192, 244, 0, 'test', '2024-06-30', 0, 3255, 3),
(193, 245, 0, 'test', '2024-06-30', 0, 3255, 4),
(194, 246, 0, 'test', '2024-06-30', 0, 3255, 5),
(195, 247, 0, 'test', '2024-06-30', 0, 3250, 10),
(196, 248, 0, 'test', '2024-06-30', 0, 12, 1),
(197, 249, 0, 'test', '2024-06-30', 0, 3250, 2),
(198, 250, 0, 'test', '2024-06-30', 0, 12, 3),
(199, 251, 0, 'test', '2024-06-30', 0, 3257, 4),
(200, 251, 0, 'test', '2024-06-30', 0, 3257, 3),
(201, 252, 0, 'tst', '2024-06-30', 0, 3255, 6),
(202, 253, 0, 'test', '2024-06-30', 0, 3256, 1),
(203, 254, 0, 'test', '2024-06-30', 0, 3251, 16),
(204, 255, 0, 'test', '2024-06-30', 0, 3246, 1),
(205, 256, 0, 'test', '2024-06-30', 0, 3251, 2),
(206, 257, 0, 'test', '2024-06-30', 0, 3256, 1),
(207, 258, 0, 'test', '2024-06-30', 0, 3256, 10),
(208, 259, 0, 'test', '2024-06-30', 0, 3256, 1),
(209, 260, 0, 'test', '2024-06-30', 0, 3251, 8),
(210, 261, 0, 'test', '2024-06-30', 0, 3246, 1),
(211, 262, 0, 'test', '2024-06-30', 0, 3257, 6),
(212, 263, 0, 'test', '2024-06-30', 0, 12, 3),
(213, 264, 0, 'test', '2024-06-30', 0, 3255, 4),
(214, 265, 0, 'test', '2024-06-30', 0, 3251, 1),
(215, 266, 0, 'test', '2024-06-30', 0, 12, 2),
(216, 267, 0, 'test', '2024-06-30', 0, 3251, 13),
(217, 268, 0, 'test', '2024-06-30', 0, 12, 10),
(218, 269, 0, 'test', '2024-06-30', 0, 12, 1),
(219, 271, 0, 'test', '2024-06-30', 0, 3250, 16),
(220, 272, 0, 'test', '2024-06-30', 0, 3250, 5),
(221, 273, 0, 'test', '2024-06-30', 0, 3246, 6),
(222, 281, 0, 'test', '2024-06-30', 0, 3247, 5),
(223, 285, 0, 'test', '2024-06-30', 0, 3253, 4),
(224, 288, 0, 'test', '2024-06-30', 0, 3250, 13),
(225, 289, 0, 'test', '2024-06-30', 0, 3255, 2),
(226, 291, 0, 'test', '2024-06-30', 0, 12, 3),
(227, 292, 0, 'test', '2024-06-30', 0, 12, 8),
(228, 293, 0, 'test', '2024-06-30', 0, 12, 5),
(229, 294, 0, 'test', '2024-06-30', 0, 12, 8),
(230, 295, 0, 'test', '2024-06-30', 0, 12, 3),
(231, 296, 0, 'test', '2024-06-30', 0, 12, 16),
(232, 298, 0, 'test', '2024-06-30', 0, 12, 13),
(233, 299, 0, 'test', '2024-06-30', 0, 12, 10),
(234, 305, 0, 'test', '2024-06-30', 0, 3246, 3),
(235, 307, 0, 'test', '2024-06-30', 0, 12, 4),
(236, 308, 0, 'test', '2024-06-30', 0, 12, 3),
(237, 309, 0, 'test', '2024-06-30', 0, 12, 6),
(238, 28, 20, 'test', '2024-06-30', NULL, 12, 3),
(239, 29, 20, 'test', '2024-06-30', NULL, 12, 3),
(240, 28, 100, 'test', '2024-07-01', NULL, 12, 1),
(241, 25, 20, 'Barang tidak tersedia', '2024-07-09', NULL, 12, 12);

-- --------------------------------------------------------

--
-- Table structure for table `bagian`
--

CREATE TABLE `bagian` (
  `id_bagian` int NOT NULL,
  `nama_bagian` varchar(100) NOT NULL,
  `ketua_bagian` varchar(100) NOT NULL
) ENGINE=InnoDB DEFAULT CHARSET=utf8mb3;

--
-- Dumping data for table `bagian`
--

INSERT INTO `bagian` (`id_bagian`, `nama_bagian`, `ketua_bagian`) VALUES
(1, 'Pusat Penjamin Mutu dan Pengembangan Belajar', 'Evaliata Br. Sembiring, S.Kom., M.Cs.'),
(2, 'Pusat Penelitian dan Pengabdian Kepada Maysrakat', 'Daniel Sutopo Pamungkas, S.T.,M.T., Ph.D.'),
(3, 'Satuan Pegawas Internal', 'Sinarti, SE., M.Sc.Akt., CA'),
(4, 'UPA Perpustakaan', 'Maryani Septiana, S.Sos., M.Hum.'),
(5, 'UPA Perbaikan dan Perawatan', 'Nana Istianto'),
(6, 'UPA Teknologi dan Informasi dan Komunikasi', 'Liowna Mauboy'),
(7, 'Unit Pengembangan Karir & Kewirausahaan', 'Hanifah Widyastuti'),
(8, 'SUB Bagian Akademik', 'Lya Indriyati'),
(9, 'Kemahasiswaan ', 'Dian Oktriyanti Umars'),
(10, 'Sub Bagian Umum', 'Sugihapni  '),
(11, 'Humas & Kerjasama', 'Ridwan Purwanto, S.Sos., M.I.Kom.'),
(12, 'BMN & Pengadaan', ' Fuliza Lubis, ST'),
(13, 'Organisasi dan SDM', 'Lina Dwi Wahyuni'),
(14, 'Keuangan', 'Dewi Aprilianingrum'),
(15, 'Perencanaan', 'Sri Puji Lestari'),
(16, 'SHILAU', 'Muslim Ansori, SE., M.Ak., CPA.');

-- --------------------------------------------------------

--
-- Table structure for table `barang`
--

CREATE TABLE `barang` (
  `id` int NOT NULL,
  `nama` varchar(45) CHARACTER SET utf8mb3 COLLATE utf8mb3_general_ci NOT NULL,
  `harga` varchar(20) CHARACTER SET utf8mb3 COLLATE utf8mb3_general_ci NOT NULL,
  `keterangan` varchar(255) NOT NULL,
  `jumlah` int NOT NULL,
  `satuid` int NOT NULL
) ENGINE=InnoDB DEFAULT CHARSET=utf8mb3;

--
-- Dumping data for table `barang`
--

INSERT INTO `barang` (`id`, `nama`, `harga`, `keterangan`, `jumlah`, `satuid`) VALUES
(25, 'ID Card B2', '1000', 'kebutuhan ATK', 39, 12),
(26, 'Paper Clip Kecil ( No 3 ) ', '1000', 'test', 43, 3246),
(27, 'Paper Clip Besar ( No 5 ) ', '1000', 'test', 63, 3246),
(28, 'Penghapus Pensil 2B', '1000', 'ATK', 0, 12),
(29, 'Tipe X', '1000', 'ATK\r\n\r\n', 3, 12),
(30, 'Penghapus White Board', '1000', 'ATK\r\n', 0, 12),
(32, 'Buku Folio Kecil', '1000', 'test', 16, 12),
(34, 'Map L Shape', '1000', 'test', 25, 12),
(35, 'Ordner A5 ', '1000', 'test', 26, 12),
(36, 'Map Politeknik Negeri Batam', '1000', 'test', 289, 12),
(37, 'Zipper F4', '1000', 'test\"\"', 20, 12),
(38, 'Map Management File', '1000', 'test', 35, 12),
(39, 'Ordner F4', '1000', '-', 9, 12),
(40, 'Magazine Box', '1000', '.', 10, 12),
(41, 'Letter Tray', '1000', 'test', 0, 3247),
(42, 'Map L Shape F4', '1000', '.', 16, 12),
(43, 'Container Box 001', '1000', '.', -2, 3248),
(44, 'Container Box 002', '1000', '.', -2, 3248),
(45, 'Zipper Bag A5', '5000', '.', 3, 12),
(46, 'Map Management File F4', '1000', '.', 36, 12),
(47, 'Letter Tray Hitam 3 tr', '1000', '.', 0, 12),
(48, 'Penggaris Besi 30 cm', '1000', '.', 30, 12),
(49, 'Isi Cutter Kecil ( A- 100 )', '1000', '.', 44, 3246),
(50, 'Isi  Cutter Besar ( L – 500 )', '1000', '.', 31, 3246),
(51, 'Cutter Besar ( CX – 500 )', '1000', '.', 30, 12),
(52, 'Cutter Kecil ( A – 300 )', '1000', '.', 33, 12),
(53, 'Lem (Glue stick)', '5000', '.', 10, 12),
(54, 'Isolasi Bening kecil', '5000', '.', 72, 3249),
(55, 'Isolasi Bening Besar', '5000', '.', 0, 3249),
(56, 'Isolasi Kabel Listrik Hitam ( Apollo )', '5000', '.', 7, 3249),
(57, 'Lakban Hitam ( Clothing Tape )', '5000', '.', 18, 12),
(58, 'Isolasi kertas', '5000', '.', 16, 12),
(59, 'Double Tape Besar', '5000', '.', 3, 12),
(60, 'Double Tape kecil', '5000', 'test', 10, 12),
(61, 'Double Tape Foam ( Besar )', '5000', 'test', 10, 12),
(62, 'Post It 3M - Flags', '5000', '.', 25, 12),
(63, 'Post It ( Besar 3 x 3 ) ', '5000', '.', 48, 12),
(64, 'Lakban Clothing warna Kuning', '5000', '.', 0, 3249),
(65, 'Lakban Cloth Tape Hijau', '5000', '.', 10, 12),
(66, 'Lem Glue Stik Pronto', '5000', '.', 5, 12),
(67, 'Isolasi Kertas 2”', '5000', '.', 12, 3249),
(68, 'Lakban Biru Cloth', '5000', '.', 10, 3249),
(69, 'Flooring tape 2\" Yellow', '5000', '.', 6, 3249),
(70, 'Safety Tape Hitam - Kuning', '5000', '.', 10, 3249),
(71, 'Post it Plastik merk Deli', '5000', '.', 0, 12),
(72, 'Stapler Besar ( HS – 45 P )', '5000', '.', 9, 12),
(73, 'Staples Kecil', '5000', '.', 24, 12),
(74, 'Isi Stapler Kecil ( No 10 – 1 M )', '5000', '.', 79, 3246),
(75, 'Borang Daftar Hadir', '5000', '.', 31, 3250),
(76, 'Borang SPPD', '5000', '/', 4, 3250),
(77, 'Binder Clip 155', '5000', '.', 39, 3246),
(78, 'Binder Clip 107', '5000', '.', 36, 3246),
(79, 'Binder Clip 260', '5000', '.', 3, 3246),
(80, 'Pena Biru', '5000', '.', 147, 12),
(82, 'Pena merah ', '5000', '/', 94, 12),
(83, 'Refill Pena Gel', '5000', '.', 22, 12),
(84, 'Stabillo', '5000', '.', 28, 12),
(85, 'Spidol Merah ( White Board marker )', '5000', '.', 78, 12),
(86, 'Spidol Biru ( White Board marker )', '5000', '.', 58, 12),
(87, 'Pena Signo', '5000', '.', 48, 12),
(88, 'Sheet Protector', '5000', '.', 3000, 12),
(89, 'Spidol permanen Merah ', '5000', '.', 20, 12),
(90, 'Pensil 2B', '5000', '.', 71, 12),
(91, 'Buku HC A6', '5000', 'untuk mencatat data yang diperlukan\r\n', 0, 12),
(92, 'Spidol Permanen Biru', '5000', '.', 41, 12),
(93, 'Gunting ', '5000', '.', 10, 12),
(94, 'Index Flie', '5000', '.\"', 15, 3251),
(95, 'Book End', '5000', '.', 5, 3247),
(96, 'Presentation Holder A4/sampul plastik', '5000', '.', 0, 12),
(97, 'Desk Set', '5000', 'test', 5, 12),
(98, 'Tempat Brosur Akrilik', '5000', 'test', 2, 12),
(99, 'Gantungan Kunci Label Nama', '5000', '.', 50, 12),
(100, 'Spidol Permanen Hitam', '5000', 'test', 60, 12),
(101, 'Spidol Hitam WB', '5000', 'test', 108, 12),
(102, 'Pensil HB ', '5000', 'test', 62, 12),
(103, 'Paper Fastener', '5000', 'test', 4, 12),
(104, 'Rautan Pensil Kecil', '5000', 'test', 0, 12),
(105, 'Magnet Button 30mm', '5000', 'test', 4, 12),
(106, 'Zebra Name Pen Black', '5000', '.', 28, 3243),
(107, 'Pena Snowman 0.7', '5000', 'test', 120, 12),
(108, 'Sheet Protector F4', '5000', 'test', 1500, 3251),
(109, 'Cutting Board A3 Joyko', '5000', 'test', 1, 3248),
(110, 'Nippon Pylox Lazer', '5000', 'test', 2, 3252),
(111, 'Pena Joyko GP 265 Biru', '5000', 'test', 7, 12),
(112, 'Kertas HVS A4 70 gr', '5000', '.', 30, 3253),
(114, 'Kertas Buram F4', '5000', 'test', 4, 3253),
(115, 'Kertas HVS 80gr', '5000', 'test', 4, 3253),
(116, 'Kertas Sertifikat List Orange', '5000', 'test', 300, 12),
(117, 'Kertas KOP F4', '5000', 'test test test', 3, 3253),
(118, 'Kertas HVS KOP Baru', '5000', 'test test', 7, 3253),
(119, 'HVS A3 ', '5000', 'test', 7, 3253),
(120, 'Conqueror Paper Cream Laid 100gr', '5000', 'test', 1, 3253),
(121, 'Paper Flip Chart', '5000', 'test', 7, 3254),
(122, 'Kertas Label Glossy', '5000', 'test', 3, 3251),
(123, 'Kertas Foto Sticker', '5000', 'test', 0, 3251),
(124, 'Kertas Sticker HVS  A4', '5000', 'test', 8, 3253),
(125, 'Kertas Label kecil ABC no 110 ', '5000', 'test', 2, 3251),
(127, 'Kertas Label kecil ABC no 108', '5000', 'tesssssssssssssssssttttttttttt', 15, 3251),
(128, 'Printech Thermal Paper roll 80x80cm', '5000', 'testttttttttttt', 15, 3249),
(129, 'Kertas Buffallo A4 Pink', '5000', 'test', 3, 3251),
(130, 'Kertas BW F4 putih 250 gr isi 500', '5000', 'test', 3, 3253),
(131, 'Amplop Polos putih Kecil', '5000', 'test', 5, 3246),
(132, 'Amplop Polos Coklat A3', '5000', 'test', 100, 12),
(133, 'Amplop Kecil Window ', '5000', 'test', 550, 12),
(134, 'Amplop Coklat Kop Baru A4', '5000', 'test', 500, 12),
(136, 'Amplop Putih Kop Baru A4', '5000', 'test', 12, 3251),
(137, 'Amplop Putih Kop Baru F4', '5000', 'teeeeeeeeeeeeeeeessssssssssssssttttttttttttt', 70, 12),
(138, 'Amplop Putih Kecil Window Kop baru', '5000', 'testetsetste', 220, 12),
(139, 'Amplop Putih Kecil Non Window Kop', '5000', 'testetstetst', 150, 12),
(140, 'Amplop Coklat Kecil ', '5000', 'test', 2, 3251),
(141, 'Card Case', '5000', 'test', 38, 12),
(142, 'Card Case A5', '5000', 'test', 13, 12),
(143, 'Refill Toner Cart Type 2025', '5000', 'testestetstes', 2, 3248),
(144, 'Toner Canon 35 black', '5000', 'testetstetstetstes', 3, 3246),
(145, 'Cannon CL 811 Colour', '5000', 'test', 0, 3246),
(146, 'Cannon PG 810 Black', '5000', 'testetstetst', 0, 3246),
(147, 'Toner Magenta Fuji Xerox', '5000', 'testtesttest', 2, 3248),
(148, 'Toner Yellow Fuji Xerox', '5000', 'testestets', 2, 3248),
(149, 'Refill toner cartridge HP CE 255 A', '5000', 'test', 3, 3248),
(150, 'Refill toner cartridge HP 285 A', '5000', 'test', 0, 3249),
(151, 'Ink Cart HP 802 Black', '5000', 'test', 1, 12),
(152, 'Tinta Epson L800 Black', '5000', 'test', 2, 12),
(153, 'Tinta Epson L800 Cyan', '5000', 'test', 4, 12),
(154, 'Tinta Epson L800 Yellow', '5000', 'testetstetstetstetstest', 3, 12),
(155, 'Tinta Epson L800 Light Cyan', '5000', 'test', 4, 12),
(156, 'Tinta Epson L800 Magenta', '5000', 'test', 3, 12),
(157, 'Tinta Epson L800 Light Magenta', '5000', 'testtest', 4, 12),
(158, 'Refill Toner Cartridge HP CE278A', '5000', 'testetstets', 4, 3248),
(159, 'Toner Fuji Xerox 305 Black ', '5000', 'test', 1, 3248),
(160, 'Refill 83A', '5000', 'test', 1, 3248),
(161, 'Epson L210 Black', '5000', 'testtest', 4, 12),
(162, 'Epson L210 Cyan', '5000', 'test', 4, 12),
(163, 'Epson L210 Magenta', '5000', 'test', 3, 12),
(164, 'Epson L210 Yellow', '5000', 'test', 1, 12),
(165, 'Refill HP 17A', '5000', 'test', 2, 12),
(166, 'Toner Canon 36 Colour 042B', '5000', 'test', 3, 12),
(167, 'Refill Cartidge Fuji Black 042B', '5000', 'test', 6, 12),
(168, 'Refill Cartridge Fuji Magenta 042B', '5000', 'test', 2, 12),
(169, 'Refill Cartridge Fuji Cyan 042B', '5000', 'test', 1, 12),
(170, 'Refill Cartidge Fuji Yellow 042B', '5000', 'test', 2, 12),
(171, 'Tinta Canon 790 Black', '5000', 'test', 2, 12),
(172, 'Tinta Canon 790 Cyan', '5000', 'test', 1, 12),
(173, 'Tinta Canon 790 Magenta', '5000', 'test', 1, 12),
(174, 'Tinta Canon 790 Yellow', '2000', 'test', 1, 12),
(175, 'Fuser Xerox DP CP305D 042B', '5000', 'test', 2, 3248),
(176, 'Toner Fuji Xerox 305 Black 042B', '5000', 'test', 2, 12),
(177, 'Ink Cart HP 802 Color 042B', '5000', 'test', 2, 12),
(178, 'Tinta HP Deskjet 100 042B', '10000', 'test', 2, 12),
(179, 'Tinta Epson LW 400 042B', '5000', 'test', 3, 12),
(180, 'Tinta Epson M200 Black', '5000', 'test', 1, 12),
(181, 'E – Print Bulk Ink 200ml Canon Black', '5000', 'test', 1, 12),
(182, 'E – Print Bulk Ink 200ml Canon Mage', '5000', 'test', 1, 12),
(183, 'E – Print Bulk Ink 200ml Canon Yellow', '5000', 'test', 1, 12),
(188, 'CD Case ', '500', 'test', 3, 12),
(189, 'CD Case Plastik', '3000', 'test\"', 16, 12),
(190, 'CD – RW 042B', '3000', 'test', 3, 12),
(191, 'Batterry AA', '5000', 'test', 45, 3250),
(192, 'Batterry AAA', '5000', 'test', 45, 3250),
(193, 'Batterry Kotak 9V', '3000', 'test', 26, 3250),
(195, 'Energizer ECR 2016 BPS', '3000', 'test\"', 15, 12),
(198, 'AAAA', '1000', 'test', 1, 3250),
(200, 'Jaring Basket 042B', '5000', 'test', 1, 3247),
(201, 'Max Creamer ', '3000', 'test', 6, 3246),
(207, 'Tissu Livi', '10000', 'test', 8, 3249),
(214, 'Tong Sampah Mobil 042B', '3000', 'test', 4, 3248),
(217, 'Dispenser', '3000', 'test', 5, 12),
(218, 'Garpu makan Stainless', '10000', 'test', 9, 12),
(219, 'Gelas + piring', '5000', 'test', 47, 12),
(220, 'Piring Melamin', '3000', 'test', 0, 12),
(221, 'Jam dinding', '5000', 'test', 2, 12),
(222, 'Pengharum Mobil ( Gantung )', '3000', 'test', 23, 12),
(223, 'Pembalut', '3000', 'test', 18, 3251),
(224, 'Kit Mobil', '3000', 'test', 2, 3255),
(225, 'Stamp Pad ', '3000', 'test', 0, 12),
(226, 'Isi Stapler Besar ( 24/6 – 1 M )', '1000', 'test', 15, 3246),
(227, 'Presentation Holder ', '5000', 'test', 11, 12),
(228, 'Acrylic stand 12 x 8 ½”', '3000', 'test', 8, 12),
(229, 'Joyko Gel Biru', '3000', 'test', 8, 12),
(230, 'Amplop Coklat Kop Baru F4', '3000', 'test', 350, 12),
(231, 'E – Print Bulk Ink 200ml Canon Cyan', '3000', 'test', 1, 12),
(233, 'Letter Tray Hitam 3 tr', '3000', 'test', 1, 12),
(234, 'Isolasi Bening Besar', '3000', 'test', 0, 3249),
(235, 'Post It 3M - Flags', '3000', 'test', 38, 12),
(237, 'Post it Plastik merk Deli', '3000', 'test', 10, 12),
(238, 'Pena Hitam', '3000', 'test', 491, 12),
(239, 'Kertas HVS ( F4 )', '3000', 'test', 10, 3253),
(241, 'Kertas Label kecil ABC no 108', '3000', 'test', 0, 3251),
(243, 'Tinta Epson 003 Black', '10000', 'test', 1, 3255),
(244, 'Tinta Epson 003 Cyan', '5000', 'test', 1, 3255),
(245, 'Tinta Epson 003 Magenta', '5000', 'test', 1, 3255),
(246, 'Tinta Epson 003 Yellow', '5000', 'test', 0, 3255),
(247, 'Batterry Energizer C', '5000', 'test', 2, 3250),
(248, 'Batterry CR 2032', '5000', 'test', 8, 12),
(249, 'AAA isi 6', '5000', 'test', 48, 3250),
(250, 'Materai 10000', '10000', 'test', 2288, 12),
(251, 'Creamer Box Maxcreamer ', '10000', 'test\r\n', 42, 3257),
(252, 'Kopi ( Indocoffe )', '5000', 'test', 2, 3255),
(253, 'Kopi ( Bubuk Tangker Halus )', '5000', 'test', 49, 3256),
(254, 'Sabun Cuci Piring ', '5000', 'test', 52, 3251),
(255, 'Tissu ( Makan )', '5000', 'test', 67, 3246),
(256, 'Tissu ( Gulung )', '10000', 'test', 22, 3251),
(257, 'Gula Sachet', '5000', 'test', 140, 3256),
(258, 'Kopi Sachet', '10000', 'test', 10, 3256),
(259, 'Creamer Sachet', '3000', 'test', 0, 3256),
(260, 'Sabun Mandi 450ml ( Refill )', '5000', 'test', 23, 3251),
(261, 'Teh @25', '10000', 'test', 15, 3246),
(262, 'Teh Sariwangi @50', '5000', 'test', 17, 3257),
(263, 'Sponge/sponge cuci piring', '10000', 'test', 109, 12),
(264, 'Kopi Indocoffe 200g', '5000', 'test', 3, 3255),
(265, 'Kopi Tangker Kasar ', '3000', 'test', 6, 3251),
(266, 'Keset Welcome 1 warna', '3000', 'test', 3, 12),
(267, 'Tutup Gelas Kertas', '5000', 'test', 4, 3251),
(268, 'Cangkir + piring', '5000', 'test', 0, 12),
(269, 'Refill Spidol Biru ( Snowman )', '5000', 'test', 0, 12),
(271, 'Tisu B', '2000s', 'd', 0, 3250),
(272, 'Tisu B', '2000', 'd', 0, 3250),
(273, 'Tisu B', '5000', 'test', 0, 3246),
(281, 'HVS', '5000', 'test', -8, 3247),
(285, 'test100000000', '3000', 'test', 0, 3253),
(288, 'testcode', '5000', 'test', 10, 3250),
(289, 'Tisu Kecil', '10000', 'test', 0, 3255),
(291, 'Refill Spidol hitam ( Snowman )', '2000', 'untuk isi ulang spidol', 10, 12),
(292, 'Stamp Tinta Manual ( Biru )', '5000', 'refill tinta stempel', 10, 12),
(293, 'Stamp Pad Merah', '5000', 'refill tinta stempel yang biasa digunakan sebagai tinta bak stempel atau stamp pad', 20, 12),
(294, 'Stamp Tinta Manual ( Merah )', '5000', 'refill tinta stempel yang biasa digunakan sebagai tinta bak stempel atau stamp pad', 30, 12),
(295, 'Buku Folio Besar', '5000', 'untuk mencatat data yang diperlukan', 10, 12),
(296, 'Bantex Hanging File', '5000', 'rak hanging map', 0, 12),
(298, 'q', '2', 'aaa', 0, 12),
(299, 'q', '23500', 'a', 0, 12),
(305, 'Isi Hekter Besar', '5000', 'atk bhp', 20, 3246),
(307, 'Plastik Sampah', '5000', 'bhp cs\r\n', 5, 12),
(308, 'Gantungan ID Card', '5000', 'persediaan bila ada dibutuhkan alasan hilang, rusak, dan lainnya', 0, 12),
(309, 'Barang Test', '10000', 'atk', 15, 12),
(310, 'CONTOH1', '10000', 'GATAU', 28, 3255);

-- --------------------------------------------------------

--
-- Table structure for table `pengajuan`
--

CREATE TABLE `pengajuan` (
  `kode_pengajuan` int NOT NULL,
  `qty` int NOT NULL,
  `tanggal` date DEFAULT NULL,
  `id` int NOT NULL,
  `satuid` int NOT NULL,
  `status_pengajuan` int DEFAULT NULL
) ENGINE=InnoDB DEFAULT CHARSET=utf8mb3;

--
-- Dumping data for table `pengajuan`
--

INSERT INTO `pengajuan` (`kode_pengajuan`, `qty`, `tanggal`, `id`, `satuid`, `status_pengajuan`) VALUES
(3444, 30, '2024-05-13', 93, 3252, 0),
(3446, 5, '2024-05-13', 114, 3253, 1),
(3447, 20, '2024-05-13', 115, 3253, 1),
(3448, 5, '2024-05-13', 117, 3253, 1),
(3449, 20, '2024-05-13', 118, 3253, 1),
(3451, 20, '2024-05-13', 120, 12, 1),
(3452, 40, '2024-05-13', 124, 3253, 1),
(3477, 10, '2024-06-13', 307, 12, 1),
(3478, 10, '2024-06-26', 25, 12, 1),
(3479, 20, '2024-06-26', 25, 12, 0),
(3480, 70, '2024-07-01', 28, 12, NULL);

-- --------------------------------------------------------

--
-- Table structure for table `permintaan`
--

CREATE TABLE `permintaan` (
  `id_minta` int NOT NULL,
  `tglminta` date NOT NULL,
  `uraian` varchar(255) NOT NULL,
  `nama_penerima` varchar(50) NOT NULL,
  `qty` int NOT NULL,
  `id` int NOT NULL,
  `satuid` int NOT NULL,
  `id_bagian` int NOT NULL,
  `status` int NOT NULL
) ENGINE=InnoDB DEFAULT CHARSET=utf8mb3;

--
-- Dumping data for table `permintaan`
--

INSERT INTO `permintaan` (`id_minta`, `tglminta`, `uraian`, `nama_penerima`, `qty`, `id`, `satuid`, `id_bagian`, `status`) VALUES
(40, '2024-05-23', 'test', 'Ilona', 10, 28, 3254, 1, 1),
(41, '2024-05-23', 'test', 'Sesilia', 5, 28, 3255, 2, 1),
(42, '2024-05-23', 'test', 'Glenys', 10, 28, 3256, 3, 0),
(43, '2024-05-23', 'test', 'Glen', 5, 28, 3257, 4, 0),
(45, '2024-05-23', 'test', 'Glen', 1, 27, 3249, 5, 0),
(61, '2024-05-29', 'test', 'Glenys', 1, 38, 12, 10, 0),
(62, '2024-06-01', 'test', 'Glenys', 1, 32, 12, 11, 0),
(63, '2024-06-03', 'test', 'Yaya', 1, 34, 12, 12, 0),
(64, '2024-06-03', 'test', 'Glenys', 1, 29, 12, 13, 0),
(69, '2024-06-03', 'test', 'Gloen Glen', 1, 29, 12, 13, 0),
(70, '2024-06-03', 'test', 'Ilon Ilona', 1, 36, 12, 14, 0),
(71, '2024-06-03', 'test', 'Yeye', 1, 36, 12, 15, 0),
(72, '2024-06-03', 'test', 'Ilona Sesil', 1, 36, 12, 16, 0),
(73, '2024-06-03', 'test', 'Ilona', 1, 34, 12, 6, 0),
(79, '2024-06-13', 'permintaan bhp', 'Glenys', 10, 307, 12, 15, 0),
(80, '2024-06-13', 'permintaan bhp ', 'Glenys', 5, 307, 12, 16, 0),
(81, '2024-06-14', 'id card rusak', 'Glenys', 10, 25, 12, 4, 0),
(82, '2024-06-16', 'pegawai baru', 'Glenys', 5, 29, 12, 1, 0),
(83, '2024-06-16', 'utk pegawai baru', 'Glenys', 5, 29, 12, 1, 0),
(84, '2024-06-26', 'permintaan ATK', 'Ilona', 1, 25, 12, 12, 0),
(85, '2024-06-26', 'atk', 'Glenys', 5, 309, 12, 12, 0),
(86, '2024-07-09', 'Permintaan BHP ATK', 'afrizal', 10, 25, 12, 12, 1),
(87, '2024-07-15', 'test', 'Glenys', 2, 29, 12, 2, 0),
(88, '2024-07-15', 'test\r\n', 'Glenys', 10, 25, 12, 3, 0),
(89, '2024-07-27', 'GATAU', 'Glenys', 2, 310, 3255, 3, 0);

-- --------------------------------------------------------

--
-- Table structure for table `satuanbrg`
--

CREATE TABLE `satuanbrg` (
  `satuid` int NOT NULL,
  `nama_satuan` varchar(255) NOT NULL
) ENGINE=InnoDB DEFAULT CHARSET=utf8mb3;

--
-- Dumping data for table `satuanbrg`
--

INSERT INTO `satuanbrg` (`satuid`, `nama_satuan`) VALUES
(12, 'PCS'),
(3243, 'Meter'),
(3244, 'Gram'),
(3245, 'KG'),
(3246, 'Kotak'),
(3247, 'Set'),
(3248, 'Unit'),
(3249, 'roll'),
(3250, 'Pad'),
(3251, 'Pack'),
(3252, 'Can'),
(3253, 'rim'),
(3254, 'gulung'),
(3255, 'Botol'),
(3256, 'Bungkus'),
(3257, 'BOX'),
(3258, 'TON'),
(3259, 'Gram'),
(3260, 'Biji'),
(3264, 'Mil');

-- --------------------------------------------------------

--
-- Table structure for table `stok_keluar`
--

CREATE TABLE `stok_keluar` (
  `id_stokout` int NOT NULL,
  `tglkeluar` date NOT NULL,
  `qty` int NOT NULL,
  `id` int NOT NULL
) ENGINE=InnoDB DEFAULT CHARSET=utf8mb3;

-- --------------------------------------------------------

--
-- Table structure for table `stok_masuk`
--

CREATE TABLE `stok_masuk` (
  `id_stokin` int NOT NULL,
  `tglmasuk` date NOT NULL,
  `id` int NOT NULL,
  `qty` int NOT NULL,
  `satuid` int NOT NULL
) ENGINE=InnoDB DEFAULT CHARSET=utf8mb3;

--
-- Dumping data for table `stok_masuk`
--

INSERT INTO `stok_masuk` (`id_stokin`, `tglmasuk`, `id`, `qty`, `satuid`) VALUES
(0, '2024-05-05', 52, 30, 12),
(61, '2024-05-05', 27, 67, 3245),
(66, '2024-05-05', 32, 18, 3246),
(71, '2024-05-05', 37, 20, 3247),
(73, '2024-05-05', 39, 4, 3248),
(74, '2024-05-05', 40, 5, 3249),
(76, '2024-05-05', 42, 16, 3250),
(78, '2024-05-05', 46, 36, 3251),
(84, '2024-05-05', 53, 59, 3252),
(85, '2024-05-05', 54, 19, 3253),
(87, '2024-05-05', 57, 4, 3254),
(88, '2024-05-05', 58, 11, 3255),
(89, '2024-05-05', 59, 3, 3256),
(90, '2024-05-05', 60, 1, 3257),
(91, '2024-05-05', 61, 11, 12),
(92, '2024-05-05', 62, 25, 12),
(93, '2024-05-05', 63, 8, 12),
(95, '2024-05-05', 65, 10, 12),
(96, '2024-05-05', 66, 4, 12),
(97, '2024-05-05', 67, 10, 3252),
(98, '2024-05-05', 68, 10, 3254),
(99, '2024-05-05', 69, 6, 3244),
(100, '2024-05-05', 70, 8, 3244),
(101, '2024-05-05', 72, 7, 12),
(102, '2024-05-05', 73, 10, 12),
(103, '2024-05-05', 74, 47, 3246),
(104, '2024-05-05', 226, 15, 3246),
(105, '2024-05-05', 75, 57, 3250),
(106, '2024-05-05', 76, 41, 3250),
(107, '2024-05-05', 77, 26, 3246),
(108, '2024-05-05', 78, 39, 3246),
(109, '2024-05-05', 79, 10, 3246),
(110, '2024-05-05', 80, 120, 12),
(113, '2024-05-05', 82, 140, 12),
(114, '2024-05-05', 83, 15, 12),
(115, '2024-05-05', 84, 25, 12),
(116, '2024-05-05', 85, 97, 12),
(117, '2024-05-05', 86, 80, 12),
(118, '2024-05-05', 87, 47, 12),
(119, '2024-05-05', 88, 700, 12),
(120, '2024-05-05', 89, 56, 12),
(121, '2024-05-05', 90, 71, 12),
(122, '2024-05-05', 91, 13, 12),
(123, '2024-05-05', 92, 41, 12),
(124, '2024-05-05', 93, 36, 12),
(125, '2024-05-05', 227, 8, 12),
(127, '2024-05-05', 97, 3, 12),
(128, '2024-05-05', 98, 2, 12),
(129, '2024-05-05', 99, 2, 12),
(130, '2024-05-05', 101, 67, 12),
(131, '2024-05-05', 102, 60, 12),
(132, '2024-05-05', 103, 4, 12),
(134, '2024-05-05', 105, 4, 12),
(135, '2024-05-05', 106, 22, 3243),
(136, '2024-05-05', 107, 120, 12),
(137, '2024-05-05', 108, 1500, 3251),
(138, '2024-05-05', 109, 1, 3248),
(139, '2024-05-05', 110, 2, 3252),
(140, '2024-05-05', 228, 8, 12),
(141, '2024-05-05', 229, 8, 12),
(142, '2024-05-05', 112, 140, 3253),
(143, '2024-05-05', 114, 2, 3253),
(144, '2024-05-05', 115, 2, 3253),
(145, '2024-05-05', 116, 110, 12),
(146, '2024-05-05', 117, 3, 3253),
(147, '2024-05-05', 118, 11, 3253),
(148, '2024-05-05', 119, 7, 3253),
(149, '2024-05-05', 120, 2, 3253),
(150, '2024-05-05', 121, 7, 3254),
(151, '2024-05-05', 122, 5, 3251),
(153, '2024-05-05', 124, 6, 3253),
(154, '2024-05-05', 125, 1, 3251),
(155, '2024-05-05', 128, 15, 3249),
(156, '2024-05-05', 129, 3, 3251),
(157, '2024-05-05', 130, 3, 3253),
(158, '2024-05-05', 132, 100, 12),
(159, '2024-05-05', 133, 550, 12),
(160, '2024-05-05', 134, 450, 12),
(161, '2024-05-05', 230, 150, 12),
(162, '2024-05-05', 136, 12, 3251),
(163, '2024-05-05', 137, 70, 12),
(164, '2024-05-05', 138, 220, 12),
(165, '2024-05-05', 139, 100, 12),
(166, '2024-05-05', 140, 1, 3251),
(167, '2024-05-05', 141, 38, 12),
(168, '2024-05-05', 142, 13, 12),
(169, '2024-05-05', 143, 2, 3248),
(170, '2024-05-05', 144, 3, 3246),
(174, '2024-05-05', 148, 2, 3248),
(175, '2024-05-05', 147, 2, 3248),
(176, '2024-05-05', 149, 3, 3248),
(177, '2024-05-05', 151, 1, 12),
(178, '2024-05-05', 152, 3, 12),
(179, '2024-05-05', 153, 4, 12),
(180, '2024-05-05', 154, 3, 3248),
(182, '2024-05-05', 157, 4, 12),
(183, '2024-05-05', 158, 3, 3248),
(184, '2024-05-05', 159, 1, 3248),
(185, '2024-05-05', 160, 1, 3248),
(186, '2024-05-05', 161, 4, 12),
(187, '2024-05-05', 162, 4, 12),
(188, '2024-05-05', 163, 3, 12),
(189, '2024-05-05', 164, 1, 12),
(190, '2024-05-05', 165, 1, 12),
(191, '2024-05-05', 166, 3, 12),
(192, '2024-05-05', 167, 6, 12),
(193, '2024-05-05', 168, 2, 12),
(194, '2024-05-05', 169, 1, 12),
(195, '2024-05-05', 170, 2, 12),
(196, '2024-05-05', 171, 2, 12),
(197, '2024-05-05', 172, 1, 12),
(198, '2024-05-05', 173, 1, 12),
(199, '2024-05-05', 174, 1, 12),
(200, '2024-05-05', 175, 2, 3248),
(201, '2024-05-05', 176, 2, 12),
(202, '2024-05-05', 177, 2, 12),
(203, '2024-05-05', 178, 2, 12),
(204, '2024-05-05', 179, 3, 12),
(205, '2024-05-05', 180, 1, 12),
(206, '2024-05-05', 181, 1, 12),
(207, '2024-05-05', 231, 1, 12),
(215, '2024-05-05', 188, 3, 12),
(216, '2024-05-05', 189, 16, 12),
(217, '2024-05-05', 190, 3, 12),
(218, '2024-05-05', 191, 45, 3250),
(219, '2024-05-05', 192, 61, 3250),
(220, '2024-05-05', 193, 26, 3250),
(222, '2024-05-05', 195, 8, 12),
(225, '2024-05-05', 198, 1, 3250),
(227, '2024-05-05', 200, 1, 3247),
(228, '2024-05-05', 201, 6, 3246),
(234, '2024-05-05', 207, 8, 3249),
(242, '2024-05-05', 214, 4, 3248),
(247, '2024-05-05', 219, 47, 12),
(256, '2024-05-06', 25, 13, 12),
(257, '2024-05-06', 26, 42, 3246),
(258, '2024-05-06', 28, 39, 12),
(259, '2024-05-06', 29, 18, 12),
(261, '2024-05-06', 34, 27, 12),
(262, '2024-05-06', 36, 289, 3255),
(263, '2024-05-06', 37, 20, 12),
(264, '2024-05-06', 38, 4, 12),
(265, '2024-05-06', 45, 3, 12),
(266, '2024-05-06', 233, 1, 12),
(267, '2024-05-06', 48, 30, 12),
(268, '2024-05-06', 49, 44, 3256),
(269, '2024-05-06', 50, 31, 3246),
(270, '2024-05-06', 51, 30, 12),
(271, '2024-05-06', 235, 38, 12),
(272, '2024-05-06', 237, 10, 12),
(273, '2024-05-06', 238, 491, 12),
(274, '2024-05-06', 94, 15, 3251),
(275, '2024-05-06', 95, 5, 3247),
(276, '2024-05-06', 100, 60, 12),
(277, '2024-05-06', 111, 7, 12),
(278, '2024-05-06', 239, 10, 3253),
(279, '2024-05-06', 114, 2, 3253),
(280, '2024-05-06', 127, 15, 3251),
(281, '2024-05-06', 131, 5, 3246),
(282, '2024-05-06', 155, 4, 12),
(283, '2024-05-06', 156, 3, 12),
(284, '2024-05-06', 182, 1, 12),
(285, '2024-05-06', 183, 1, 12),
(287, '2024-05-06', 243, 1, 3255),
(288, '2024-05-06', 244, 1, 3255),
(289, '2024-05-06', 245, 1, 3255),
(290, '2024-05-06', 247, 2, 3250),
(291, '2024-05-06', 195, 15, 12),
(292, '2024-05-06', 248, 8, 12),
(293, '2024-05-06', 249, 48, 3250),
(294, '2024-05-06', 250, 2288, 12),
(295, '2024-05-06', 251, 42, 3257),
(296, '2024-05-06', 252, 2, 3255),
(297, '2024-05-06', 253, 49, 3256),
(298, '2024-05-06', 254, 52, 3251),
(299, '2024-05-06', 255, 67, 3246),
(300, '2024-05-06', 256, 22, 3251),
(301, '2024-05-06', 257, 140, 3256),
(302, '2024-05-06', 258, 10, 3256),
(303, '2024-05-06', 260, 23, 3251),
(304, '2024-05-06', 261, 15, 3246),
(305, '2024-05-06', 262, 17, 3257),
(306, '2024-05-06', 263, 109, 12),
(307, '2024-05-06', 264, 3, 3255),
(308, '2024-05-07', 265, 6, 3251),
(309, '2024-05-07', 266, 3, 12),
(310, '2024-05-07', 267, 4, 3251),
(311, '2024-05-07', 217, 5, 12),
(312, '2024-05-07', 218, 9, 12),
(313, '2024-05-07', 221, 2, 12),
(314, '2024-05-07', 222, 23, 12),
(315, '2024-05-07', 223, 18, 3251),
(316, '2024-05-07', 224, 2, 3255),
(349, '2024-05-20', 288, 10, 3255),
(353, '2024-06-06', 291, 10, 12),
(354, '2024-06-06', 292, 10, 12),
(355, '2024-06-06', 293, 10, 12),
(356, '2024-06-06', 293, 10, 12),
(357, '2024-06-06', 294, 10, 12),
(358, '2024-06-06', 294, 10, 12),
(359, '2024-06-06', 295, 10, 12),
(360, '2024-06-06', 294, 10, 12),
(365, '2024-06-13', 305, 20, 3246),
(368, '2024-06-13', 307, 20, 12),
(369, '2024-06-14', 25, 50, 12),
(370, '2024-06-15', 28, 30, 12),
(371, '2024-06-15', 29, 20, 12),
(372, '2024-06-15', 30, 30, 12),
(373, '2024-06-19', 25, 5, 12),
(374, '2024-06-23', 35, 25, 12),
(376, '2024-06-26', 25, 30, 12),
(377, '2024-06-26', 25, 50, 12),
(378, '2024-06-26', 309, 20, 12),
(379, '2024-07-09', 25, 10, 12),
(380, '2024-07-09', 40, 5, 12),
(381, '2024-07-15', 29, 5, 12),
(382, '2024-07-15', 35, 1, 12),
(383, '2024-07-27', 310, 30, 3255);

-- --------------------------------------------------------

--
-- Table structure for table `user`
--

CREATE TABLE `user` (
  `id_user` int NOT NULL,
  `nama_user` varchar(50) CHARACTER SET utf8mb3 COLLATE utf8mb3_general_ci NOT NULL,
  `Unit` varchar(25) NOT NULL,
  `email` varchar(255) NOT NULL,
  `notelp` bigint DEFAULT NULL,
  `password` varchar(255) CHARACTER SET utf8mb3 COLLATE utf8mb3_general_ci NOT NULL,
  `level` int NOT NULL,
  `role` varchar(10) CHARACTER SET utf8mb3 COLLATE utf8mb3_general_ci NOT NULL
) ENGINE=InnoDB DEFAULT CHARSET=utf8mb3;

--
-- Dumping data for table `user`
--

INSERT INTO `user` (`id_user`, `nama_user`, `Unit`, `email`, `notelp`, `password`, `level`, `role`) VALUES
(212, 'sila', 'Jurusan Manajemen Bisnis', 'sila@gmail.com', 0, 'sila', 2, 'konsum\r\n'),
(323, 'Glenys Ilona', 'Unit Umum', 'glenysilona@gmail.com', 0, 'glen', 1, 'admin\r\n'),
(433, 'sesil', 'Jur Teknik Informatika', 'sesil@gmail.com', 0, 'sesil', 2, 'konsum'),
(434, 'Afrizal', 'BMN', 'bmnrt@polibatam.ac.id', 6282381314183, 'polibatam2024', 1, 'admin');

--
-- Indexes for dumped tables
--

--
-- Indexes for table `ajukanbrg`
--
ALTER TABLE `ajukanbrg`
  ADD PRIMARY KEY (`id_ajukan`),
  ADD KEY `id` (`id`),
  ADD KEY `id_bagian` (`id_bagian`),
  ADD KEY `satuid` (`satuid`);

--
-- Indexes for table `bagian`
--
ALTER TABLE `bagian`
  ADD PRIMARY KEY (`id_bagian`);

--
-- Indexes for table `barang`
--
ALTER TABLE `barang`
  ADD PRIMARY KEY (`id`),
  ADD KEY `satuid` (`satuid`);

--
-- Indexes for table `pengajuan`
--
ALTER TABLE `pengajuan`
  ADD PRIMARY KEY (`kode_pengajuan`),
  ADD KEY `id` (`id`),
  ADD KEY `satuid` (`satuid`);

--
-- Indexes for table `permintaan`
--
ALTER TABLE `permintaan`
  ADD PRIMARY KEY (`id_minta`),
  ADD KEY `id` (`id`),
  ADD KEY `satuid` (`satuid`),
  ADD KEY `id_bagian` (`id_bagian`);

--
-- Indexes for table `satuanbrg`
--
ALTER TABLE `satuanbrg`
  ADD PRIMARY KEY (`satuid`);

--
-- Indexes for table `stok_keluar`
--
ALTER TABLE `stok_keluar`
  ADD PRIMARY KEY (`id_stokout`),
  ADD KEY `id` (`id`);

--
-- Indexes for table `stok_masuk`
--
ALTER TABLE `stok_masuk`
  ADD PRIMARY KEY (`id_stokin`),
  ADD KEY `id` (`id`),
  ADD KEY `satuid` (`satuid`);

--
-- Indexes for table `user`
--
ALTER TABLE `user`
  ADD PRIMARY KEY (`id_user`);

--
-- AUTO_INCREMENT for dumped tables
--

--
-- AUTO_INCREMENT for table `ajukanbrg`
--
ALTER TABLE `ajukanbrg`
  MODIFY `id_ajukan` int NOT NULL AUTO_INCREMENT, AUTO_INCREMENT=242;

--
-- AUTO_INCREMENT for table `bagian`
--
ALTER TABLE `bagian`
  MODIFY `id_bagian` int NOT NULL AUTO_INCREMENT, AUTO_INCREMENT=17;

--
-- AUTO_INCREMENT for table `barang`
--
ALTER TABLE `barang`
  MODIFY `id` int NOT NULL AUTO_INCREMENT, AUTO_INCREMENT=311;

--
-- AUTO_INCREMENT for table `pengajuan`
--
ALTER TABLE `pengajuan`
  MODIFY `kode_pengajuan` int NOT NULL AUTO_INCREMENT, AUTO_INCREMENT=3481;

--
-- AUTO_INCREMENT for table `permintaan`
--
ALTER TABLE `permintaan`
  MODIFY `id_minta` int NOT NULL AUTO_INCREMENT, AUTO_INCREMENT=90;

--
-- AUTO_INCREMENT for table `satuanbrg`
--
ALTER TABLE `satuanbrg`
  MODIFY `satuid` int NOT NULL AUTO_INCREMENT, AUTO_INCREMENT=3265;

--
-- AUTO_INCREMENT for table `stok_keluar`
--
ALTER TABLE `stok_keluar`
  MODIFY `id_stokout` int NOT NULL AUTO_INCREMENT, AUTO_INCREMENT=18;

--
-- AUTO_INCREMENT for table `stok_masuk`
--
ALTER TABLE `stok_masuk`
  MODIFY `id_stokin` int NOT NULL AUTO_INCREMENT, AUTO_INCREMENT=384;

--
-- AUTO_INCREMENT for table `user`
--
ALTER TABLE `user`
  MODIFY `id_user` int NOT NULL AUTO_INCREMENT, AUTO_INCREMENT=435;

--
-- Constraints for dumped tables
--

--
-- Constraints for table `ajukanbrg`
--
ALTER TABLE `ajukanbrg`
  ADD CONSTRAINT `ajukanbrg_ibfk_1` FOREIGN KEY (`id`) REFERENCES `barang` (`id`),
  ADD CONSTRAINT `ajukanbrg_ibfk_2` FOREIGN KEY (`satuid`) REFERENCES `satuanbrg` (`satuid`),
  ADD CONSTRAINT `ajukanbrg_ibfk_3` FOREIGN KEY (`id_bagian`) REFERENCES `bagian` (`id_bagian`);

--
-- Constraints for table `barang`
--
ALTER TABLE `barang`
  ADD CONSTRAINT `barang_ibfk_1` FOREIGN KEY (`satuid`) REFERENCES `satuanbrg` (`satuid`) ON DELETE CASCADE ON UPDATE CASCADE;

--
-- Constraints for table `pengajuan`
--
ALTER TABLE `pengajuan`
  ADD CONSTRAINT `pengajuan_ibfk_1` FOREIGN KEY (`id`) REFERENCES `barang` (`id`) ON DELETE CASCADE ON UPDATE CASCADE,
  ADD CONSTRAINT `pengajuan_ibfk_2` FOREIGN KEY (`satuid`) REFERENCES `satuanbrg` (`satuid`);

--
-- Constraints for table `permintaan`
--
ALTER TABLE `permintaan`
  ADD CONSTRAINT `permintaan_ibfk_1` FOREIGN KEY (`id`) REFERENCES `barang` (`id`) ON DELETE CASCADE ON UPDATE CASCADE,
  ADD CONSTRAINT `permintaan_ibfk_4` FOREIGN KEY (`satuid`) REFERENCES `satuanbrg` (`satuid`) ON DELETE CASCADE ON UPDATE CASCADE,
  ADD CONSTRAINT `permintaan_ibfk_5` FOREIGN KEY (`id_bagian`) REFERENCES `bagian` (`id_bagian`);

--
-- Constraints for table `stok_keluar`
--
ALTER TABLE `stok_keluar`
  ADD CONSTRAINT `stok_keluar_ibfk_1` FOREIGN KEY (`id`) REFERENCES `barang` (`id`) ON DELETE CASCADE ON UPDATE CASCADE;

--
-- Constraints for table `stok_masuk`
--
ALTER TABLE `stok_masuk`
  ADD CONSTRAINT `stok_masuk_ibfk_1` FOREIGN KEY (`id`) REFERENCES `barang` (`id`) ON DELETE CASCADE ON UPDATE CASCADE,
  ADD CONSTRAINT `stok_masuk_ibfk_2` FOREIGN KEY (`satuid`) REFERENCES `satuanbrg` (`satuid`);
COMMIT;

/*!40101 SET CHARACTER_SET_CLIENT=@OLD_CHARACTER_SET_CLIENT */;
/*!40101 SET CHARACTER_SET_RESULTS=@OLD_CHARACTER_SET_RESULTS */;
/*!40101 SET COLLATION_CONNECTION=@OLD_COLLATION_CONNECTION */;
